{"cameraMode":{"drawMode":0,"name":"Shaded","section":"Shading Mode"},"sceneLighting":true,"audioPlay":false,"sceneViewState":{"showFog":true,"showMaterialUpdate":false,"showSkybox":true,"showFlares":true,"showImageEffects":true,"showParticleSystems":true,"showVisualEffectGraphs":true,"m_FxEnabled":true},"in2DMode":false,"pivot":{"x":204.69410705566407,"y":7.158289909362793,"z":2.466454029083252},"rotation":{"x":-0.04529420658946037,"y":0.003594162641093135,"z":-0.00016181865066755563,"w":-0.9989738464355469},"size":6.587928295135498,"orthographic":false}