{"cameraMode":{"drawMode":0,"name":"Shaded","section":"Shading Mode"},"sceneLighting":false,"audioPlay":false,"sceneViewState":{"showFog":true,"showMaterialUpdate":false,"showSkybox":false,"showFlares":true,"showImageEffects":true,"showParticleSystems":true,"showVisualEffectGraphs":true,"m_FxEnabled":true},"in2DMode":false,"pivot":{"x":19.025497436523439,"y":12.770284652709961,"z":6.2178192138671879},"rotation":{"x":-0.13623113930225373,"y":-0.04694238677620888,"z":0.006463255733251572,"w":-0.9895495772361755},"size":2.066025495529175,"orthographic":false}